Reviewer_ID,Reviewer_first_name,Reviewer_last_name
1903,Adelaide,Jeffries
1905,Joshua,Nirha
1907,Amy,Wilson
1906,Ross,Medley
1912,Angel,Morris
1917,Trey,Brown
1922,Christopher,James
1923,Phillip,Page
1924,Justin,Neverson
1933,Tania,Brown
1937,Hope,Giles
1945,Gabrielle,Stewart
1949,Sam,Mendez
1958,Selena,Cyrus
1963,Mark,Spencer
1964,Valerie,Thompson
1967,Carlos,Serrano
1970,Michael,Dickson
1978,Dorothy,Garcia
1981,Cynthia,Rowley
1982,Shawn,Lisbon
1984,Joshua,Kellson
1988,Jana,Allison
1992,Cynthia,Ortega
1994,Sommer,David
2000,Amina,Lampkin
2001,Samya,Epps
2002,George,Mason
2003,Micah,Johnson
2004,McKenna,Hughes