Vendor_ID,Company_Name,Vendor_City,Vendor_State,Category_of_vendor
1800,J&J Meats,Columbia,MD,Meat
1801,Coca Cola,Laurel,MD,Soft drinks
1802,David Fishery,Beltsville,MD,Fish
1803,Brown Liquors,Clinton,MD,Alcohol
1804,Farmers Market,Largo,MD,Vegetables
1805,Nestle,Silver Spring,MD,Breakfast supplies
1806,Whang Who,Frederick,MD,Spices
1807,Clean Max,Hagerstown,MD,Cleaning supplies
1808,Marty's Cutlery,College Park,MD,Cutlery
1699,National Restaurant Equipment and Supply,Laurel,MD,Variety supplies
1698,Atlantic Foodservice Equipment,Beltsvilee,MD,Variety supplies
1697,Jetro/Restaurant Depot,Baltimore,MD,Wholesale food
1696,Restaurant Depot,Capitol Heights,MD,Wholesale food
1695,Chesapeake Wholesale Inc.,Leonardtown,MD,Cleaning supplies
1694,The Restaurant Store,Baltimore,MD,Variety supplies
1693,Wine and Spirits Wholesalers of America,Washington,D.C.,Alcohol
1692,JP Restaurant Group Inc.,Washington,D.C.,Variety supplies
1691,Contract Furniture Options Inc.,Bethesda,MD,Furniture
2010,Cured Desserts,Miami,FL,Breakfast supplies
2011,Speedy Furniture,Baltimore,MD,Furniture
2012,Crisp & Clean,Hagerstown,MD,Cleaning Supplies
2013,Quick Liq,Baltimore,MD,Alcohol
2014,Meat Hub,Cumberland,MD,Wholesale food
2015,All You Can Eat,Denton,MD,Wholesale food
2016,Joe's Fish Hub,Baltimore,MD,Seafood
2017,CokeSolutions,Ann Arbor,MD,Drinks