Driver_ID,Restaurant_ID,Driver_First_Name,Driver_Last_Name
100,7,Jon,Mcflury
101,8,Jalen,Smith
102,9,Amanda,Jackson
103,10,Courtney,Davis
104,11,Iris,Brown
105,12,Ange,Dickson
106,13,Colombus,Washington
107,14,Noah,White
108,15,Lashun,Bazilio
109,16,Ronald,Perry
110,17,Gloria,Gonzalez
111,18,Paula,Carter
112,19,Victor,Peterson
113,20,Patricia,Powell
114,21,Douglas,Banders
115,22,Fred,Evans
116,23,Jackie,Alexander
117,24,Ashley,Smith
118,25,Ed,Taylor
119,26,Kate,Hanover
120,27,Larry,Wilson
121,28,Terrence,Scott
122,29,Jennifer,Mason
123,30,Kareen,Michaelson
124,31,Harrison,Young
200,29,Levi,Wells
201,30,Adrian,Hubbard
202,31,Molly,Gross
203,32,Earl,Hawkins
204,33,Julian,Jenson